User_ID,Movie_ID,Age,Gender,Watch_Frequency,Genre_Preference,Social_Media_Mentions,Ratings,Past_Clicks,Budget_Scale,Critical_Acclaim,Marketing_Reach,Click_Through,User_Engagement,Movie_Age
4174,2250,48,Male,Daily,Comedy,137,4,19,1,2,3,0,43,14
4507,2876,47,Female,Monthly,Action,299,5,17,2,1,1,0,7,1
1860,2004,56,Male,Daily,Horror,394,2,17,1,1,2,0,49,11
2294,2118,52,Female,Monthly,Horror,206,5,13,1,1,3,1,73,3
2130,2800,35,Female,Daily,Drama,335,4,17,4,3,2,1,41,19
2095,2373,59,Female,Monthly,Comedy,80,3,14,2,1,4,1,77,18
4772,2064,56,Female,Weekly,Drama,217,4,14,4,3,1,0,79,2
4092,2145,34,Male,Monthly,Drama,1,4,5,4,3,1,0,54,7
2638,2223,31,Female,Daily,Action,177,5,14,3,1,4,0,69,8
3169,2238,48,Male,Weekly,Action,395,2,17,3,2,4,1,93,19
1466,2176,41,Male,Monthly,Action,370,4,3,2,4,2,1,99,15
2238,2778,52,Male,Monthly,Comedy,345,5,7,2,3,4,1,91,10
1330,2852,61,Female,Monthly,Action,278,2,14,3,1,1,0,27,1
2482,2281,62,Male,Monthly,Action,145,3,2,3,3,4,0,8,6
3135,2062,51,Male,Monthly,Comedy,317,3,14,3,2,3,0,32,13
4444,2216,20,Male,Weekly,Comedy,223,1,12,3,2,3,0,84,14
4171,2853,54,Female,Weekly,Horror,368,5,8,3,1,2,0,64,3
3919,2826,60,Female,Weekly,Action,383,2,1,4,3,1,1,10,11
4735,2794,57,Male,Weekly,Action,61,4,7,2,4,3,0,13,3
1130,2688,43,Female,Daily,Action,293,3,19,4,4,4,0,63,19
2685,2460,40,Female,Weekly,Horror,238,2,16,4,3,3,0,93,10
4380,2928,61,Male,Monthly,Action,194,5,12,1,3,3,1,35,15
1769,2609,56,Male,Monthly,Horror,165,1,0,4,3,2,0,61,11
3391,2104,32,Female,Weekly,Drama,450,3,1,3,1,4,1,54,15
2515,2098,21,Male,Monthly,Horror,221,2,14,3,2,4,1,8,13
4485,2510,46,Female,Weekly,Drama,60,2,11,1,4,4,0,29,5
3853,2384,39,Female,Monthly,Action,128,2,13,1,1,2,1,95,4
3433,2404,42,Female,Daily,Drama,477,5,1,1,3,4,0,41,13
2215,2822,30,Female,Daily,Horror,172,5,17,1,3,4,0,30,9
1955,2517,35,Female,Weekly,Comedy,479,5,6,1,2,3,1,86,17
3324,2475,50,Female,Weekly,Drama,155,4,5,4,3,3,1,21,2
2184,2976,33,Male,Weekly,Drama,404,2,13,1,1,4,0,76,5
1459,2708,62,Male,Monthly,Action,377,3,7,4,1,1,0,11,16
4385,2862,59,Female,Weekly,Horror,109,5,1,2,2,1,0,2,7
1021,2644,61,Female,Daily,Drama,268,5,16,1,1,4,0,50,1
3300,2869,19,Female,Monthly,Drama,410,2,4,1,4,1,0,41,12
1747,2770,52,Male,Weekly,Drama,355,5,13,4,1,2,0,66,11
3904,2436,59,Female,Monthly,Drama,390,4,19,2,1,3,0,98,12
4632,2022,51,Male,Monthly,Comedy,277,4,2,4,1,2,1,3,19
1474,2996,47,Female,Weekly,Horror,73,5,4,4,4,3,0,80,12
2082,2564,30,Female,Monthly,Action,486,2,15,1,3,1,0,51,12
3558,2676,30,Male,Daily,Action,436,2,17,3,1,1,0,68,14
4753,2713,35,Male,Daily,Comedy,462,2,16,3,2,4,1,87,2
3047,2457,49,Female,Monthly,Horror,206,1,10,4,4,1,0,84,2
4547,2082,49,Female,Weekly,Drama,387,5,16,1,2,1,0,25,4
3747,2144,52,Female,Monthly,Comedy,479,2,15,2,1,4,0,30,16
1975,2084,56,Male,Daily,Horror,278,4,1,3,2,4,1,82,10
2806,2077,63,Male,Monthly,Drama,374,3,3,2,1,3,0,11,13
1189,2456,46,Male,Monthly,Comedy,325,3,6,3,4,1,1,93,2
4005,2877,46,Male,Daily,Horror,471,2,1,1,2,3,1,17,3
3734,2000,61,Male,Monthly,Action,339,3,5,4,2,3,1,26,19
4005,2050,33,Male,Monthly,Action,356,3,16,2,1,2,1,23,6
1562,2684,61,Female,Weekly,Horror,339,1,6,2,1,1,0,56,19
2899,2716,64,Female,Weekly,Action,203,4,4,4,3,1,0,52,19
4638,2771,27,Male,Daily,Horror,160,4,4,2,1,2,1,48,8
2267,2445,47,Female,Daily,Drama,27,1,19,3,1,3,0,20,14
3879,2448,42,Female,Daily,Horror,391,1,15,4,3,1,0,2,10
2528,2880,56,Male,Weekly,Drama,256,3,18,3,1,3,1,88,3
4202,2487,37,Female,Daily,Comedy,164,5,8,3,1,2,0,31,6
4556,2799,22,Male,Daily,Horror,62,3,4,1,3,4,0,27,15
4890,2033,18,Male,Daily,Comedy,21,1,7,3,4,3,0,2,18
1646,2347,47,Female,Weekly,Action,69,4,8,1,4,1,0,78,14
3068,2094,20,Male,Monthly,Drama,380,3,4,2,1,4,1,4,19
3888,2071,62,Male,Daily,Horror,404,5,9,2,1,3,0,13,10
3214,2550,31,Male,Monthly,Comedy,95,3,1,1,3,3,0,35,15
2297,2153,47,Male,Daily,Drama,162,2,8,3,3,4,0,72,4
3435,2249,21,Male,Monthly,Drama,78,3,10,4,4,4,1,66,2
1600,2673,35,Male,Weekly,Action,4,1,3,4,2,4,1,6,3
3363,2437,54,Male,Weekly,Action,315,4,1,1,1,1,0,31,7
3061,2117,42,Male,Daily,Drama,119,4,5,2,2,1,1,10,16
1241,2770,18,Female,Monthly,Drama,301,1,13,2,2,3,0,21,10
3041,2890,63,Female,Weekly,Horror,177,2,0,4,3,3,1,74,19
3824,2305,32,Female,Daily,Drama,175,1,17,1,1,2,0,23,17
4417,2267,26,Male,Daily,Horror,389,3,6,4,1,1,1,3,19
3612,2960,32,Male,Weekly,Drama,216,1,0,3,3,3,0,32,5
3945,2053,41,Female,Weekly,Action,55,1,0,3,2,4,0,20,13
2363,2235,21,Female,Daily,Horror,365,2,0,1,3,4,0,74,13
3139,2388,29,Female,Monthly,Comedy,186,3,3,1,4,1,1,29,11
2390,2989,54,Male,Monthly,Action,231,5,3,3,1,4,0,52,11
4003,2733,54,Female,Monthly,Horror,254,5,17,2,4,2,1,46,16
2478,2762,60,Female,Daily,Horror,412,4,10,1,3,3,0,34,15
4499,2824,23,Male,Weekly,Comedy,454,1,0,3,1,3,0,84,17
3556,2400,56,Female,Daily,Horror,103,4,9,3,4,3,0,61,18
1775,2623,63,Male,Weekly,Drama,76,2,8,2,4,1,1,72,19
1034,2766,41,Male,Monthly,Comedy,229,5,3,2,2,4,0,71,4
3253,2302,28,Male,Monthly,Action,401,1,5,2,1,2,1,70,5
4152,2918,30,Female,Weekly,Action,257,2,15,2,4,1,1,11,7
2955,2206,51,Female,Weekly,Drama,263,2,1,4,4,3,1,82,2
2585,2228,42,Male,Daily,Action,330,1,17,2,2,2,0,93,1
4943,2852,24,Female,Monthly,Horror,480,2,9,4,4,3,1,89,12
4459,2909,21,Female,Daily,Horror,181,1,16,1,4,3,1,63,10
4073,2577,25,Female,Daily,Drama,380,1,12,3,4,1,0,21,8
2021,2074,37,Female,Daily,Action,255,3,17,4,2,3,1,3,1
4461,2434,46,Male,Monthly,Action,37,4,12,1,4,2,0,82,12
3613,2102,62,Female,Daily,Drama,175,2,16,1,4,3,0,88,2
2129,2421,63,Male,Daily,Comedy,26,2,4,4,1,4,0,10,10
4843,2703,27,Male,Daily,Action,275,3,10,1,1,3,0,27,17
4893,2763,60,Female,Daily,Comedy,139,3,6,1,2,1,0,12,3
2500,2737,51,Male,Daily,Action,298,3,9,4,3,2,0,7,7
1702,2805,43,Female,Daily,Action,444,5,16,1,1,1,1,17,12
3449,2305,58,Female,Monthly,Action,286,5,14,2,2,4,0,65,8
3777,2097,20,Male,Daily,Action,90,5,17,2,4,3,0,64,12
2579,2849,23,Male,Weekly,Horror,479,1,18,3,4,1,0,26,3
1161,2797,22,Male,Daily,Comedy,60,2,1,1,2,1,0,15,17
1201,2334,22,Male,Daily,Comedy,457,4,3,3,4,1,1,33,9
2981,2858,64,Female,Monthly,Action,450,1,2,2,4,1,0,62,10
1995,2434,40,Female,Monthly,Action,364,2,6,2,3,4,1,47,6
3317,2446,26,Female,Weekly,Comedy,346,2,17,2,4,4,0,95,1
4934,2993,52,Male,Weekly,Horror,162,3,9,1,1,3,1,35,12
1815,2307,37,Male,Monthly,Drama,350,3,6,1,4,3,0,65,5
4342,2248,59,Male,Monthly,Drama,142,1,7,2,2,2,0,72,13
1455,2165,52,Female,Daily,Comedy,399,3,5,3,3,4,1,76,15
4533,2480,35,Male,Monthly,Action,252,2,0,3,4,1,0,83,11
4798,2983,34,Female,Weekly,Action,268,3,3,4,2,1,1,25,8
2275,2334,41,Male,Daily,Horror,368,5,13,2,1,2,1,57,5
2016,2541,20,Female,Weekly,Drama,290,3,16,3,4,1,0,32,2
4773,2758,49,Female,Daily,Horror,499,2,19,2,3,2,0,63,12
3343,2105,52,Male,Monthly,Drama,458,1,17,3,4,3,0,12,2
4796,2562,55,Male,Weekly,Comedy,186,4,10,4,2,4,1,63,16
3767,2080,30,Female,Daily,Drama,404,3,13,4,3,2,1,77,3
4820,2132,64,Female,Daily,Horror,498,2,8,2,4,1,0,92,10
1337,2796,42,Male,Monthly,Horror,437,4,14,3,1,2,0,1,19
1878,2899,26,Male,Monthly,Horror,458,4,11,1,3,3,0,51,8
2076,2137,21,Female,Monthly,Comedy,413,5,9,4,1,1,1,70,7
1791,2183,31,Male,Weekly,Drama,303,4,18,2,2,3,0,8,1
4993,2400,54,Female,Daily,Drama,290,2,18,2,4,3,0,68,12
3264,2329,51,Female,Monthly,Horror,85,2,5,3,1,2,1,5,5
1763,2784,28,Male,Weekly,Drama,165,3,19,2,2,3,0,89,16
3235,2507,58,Male,Weekly,Action,414,3,5,4,4,1,0,86,4
1379,2851,20,Male,Weekly,Action,461,3,7,2,2,3,1,92,17
1492,2983,45,Male,Monthly,Action,407,4,0,2,1,3,1,39,2
4112,2068,46,Male,Monthly,Drama,113,4,16,1,2,2,0,23,12
2180,2545,26,Female,Daily,Comedy,432,5,16,1,3,3,0,68,1
3062,2773,20,Female,Daily,Comedy,479,3,14,4,4,4,0,52,12
4884,2052,42,Male,Monthly,Comedy,355,1,6,3,2,2,0,4,12
1064,2449,51,Male,Weekly,Comedy,415,5,18,1,1,2,1,47,12
4928,2204,29,Male,Weekly,Action,182,1,2,3,4,1,0,21,19
4910,2125,59,Female,Weekly,Action,206,4,10,4,3,1,1,56,17
3568,2746,26,Male,Daily,Horror,255,5,19,1,4,1,1,66,11
2367,2042,32,Male,Weekly,Drama,234,5,18,3,3,1,0,59,13
2152,2751,57,Female,Daily,Drama,441,2,8,1,4,4,0,7,8
3027,2970,42,Female,Daily,Comedy,354,4,9,4,2,2,0,49,10
3695,2882,22,Male,Weekly,Action,2,4,1,4,2,3,1,16,8
2495,2110,28,Male,Weekly,Comedy,207,5,0,1,1,1,1,17,8
4134,2760,51,Male,Monthly,Horror,196,4,15,3,3,1,0,84,9
2162,2662,41,Female,Monthly,Drama,340,5,17,2,1,1,1,87,7
2522,2182,32,Male,Weekly,Drama,124,2,16,2,2,3,0,98,14
3640,2847,55,Male,Daily,Comedy,137,5,5,1,3,1,1,75,2
1391,2094,25,Male,Daily,Horror,338,4,13,3,1,3,0,34,11
2698,2970,22,Female,Daily,Drama,24,4,14,2,1,2,0,33,8
1418,2373,43,Female,Daily,Horror,67,5,13,4,1,2,1,26,13
3336,2911,35,Male,Daily,Horror,60,5,2,3,1,2,0,66,15
1378,2519,23,Male,Monthly,Comedy,28,5,18,2,1,4,0,63,3
2796,2899,54,Female,Weekly,Action,382,3,11,3,3,3,0,87,14
4561,2359,30,Female,Monthly,Comedy,18,4,1,1,1,1,0,41,15
3278,2899,45,Female,Daily,Action,170,4,2,3,3,1,0,86,2
4065,2695,22,Female,Daily,Horror,449,3,17,2,1,1,1,58,19
3088,2280,30,Female,Daily,Action,73,5,0,1,2,1,0,98,12
4099,2194,34,Female,Daily,Horror,60,2,19,3,2,4,0,79,4
3182,2863,57,Female,Weekly,Drama,426,5,5,4,1,1,1,10,3
1200,2194,62,Female,Daily,Drama,152,5,4,2,4,4,0,15,5
2863,2666,49,Female,Weekly,Drama,275,3,0,1,2,3,0,42,3
1779,2092,46,Male,Daily,Comedy,47,4,18,3,3,2,1,93,15
3977,2671,20,Male,Weekly,Comedy,210,5,0,4,1,1,1,57,19
4104,2945,57,Male,Monthly,Horror,342,4,15,2,3,2,1,87,2
4119,2060,51,Female,Daily,Drama,407,1,11,4,4,3,1,17,12
1502,2633,57,Male,Weekly,Comedy,138,4,7,3,1,3,0,60,5
3454,2050,44,Female,Monthly,Drama,109,2,15,3,2,1,1,9,17
4645,2402,30,Female,Daily,Comedy,481,2,0,1,3,3,0,36,14
2751,2788,62,Male,Daily,Action,182,5,3,4,2,2,1,73,10
1804,2004,50,Female,Daily,Action,27,4,9,1,2,1,0,80,3
3146,2465,23,Male,Weekly,Drama,196,5,10,2,1,4,1,36,4
3731,2603,41,Male,Weekly,Horror,190,3,16,1,3,1,1,48,6
2895,2681,36,Male,Monthly,Comedy,314,2,6,2,4,2,1,51,16
3773,2828,33,Female,Weekly,Comedy,388,5,11,3,2,1,0,97,7
2570,2533,57,Male,Weekly,Action,50,3,6,3,1,1,0,95,15
1960,2404,45,Female,Daily,Action,148,5,11,4,1,2,1,70,11
4810,2837,50,Male,Daily,Horror,267,4,14,2,4,1,1,74,1
3660,2512,58,Male,Daily,Horror,49,4,1,3,1,1,0,80,5
2485,2644,30,Male,Daily,Horror,387,4,13,4,2,2,1,68,13
3690,2232,60,Female,Daily,Drama,245,4,12,4,1,3,1,22,14
4840,2523,62,Female,Daily,Action,112,1,3,1,3,2,0,77,9
2028,2345,42,Female,Daily,Drama,169,3,13,4,3,1,1,80,17
4289,2045,59,Male,Monthly,Action,467,3,13,3,2,4,0,93,15
1502,2545,53,Male,Monthly,Action,165,4,15,1,3,4,0,6,7
3814,2944,44,Female,Monthly,Comedy,408,1,6,2,4,2,0,26,12
1397,2077,55,Female,Monthly,Action,13,4,18,2,1,4,0,75,6
1870,2729,24,Female,Daily,Action,202,1,1,3,2,1,1,88,16
3842,2812,22,Female,Monthly,Drama,287,4,9,3,4,1,0,93,5
1392,2922,60,Female,Daily,Action,394,2,17,1,1,2,1,3,9
1206,2072,62,Female,Monthly,Drama,188,2,16,1,4,1,1,52,14
2038,2793,48,Male,Weekly,Horror,401,5,4,3,2,3,1,74,8
2881,2248,40,Female,Monthly,Action,154,4,11,3,2,1,0,60,14
4625,2046,59,Male,Monthly,Action,54,3,5,2,4,2,1,63,12
3939,2120,27,Male,Daily,Drama,181,5,8,2,1,3,0,65,10
2484,2213,49,Female,Monthly,Horror,209,2,19,2,3,3,0,52,13
4762,2238,60,Female,Weekly,Comedy,375,4,0,3,3,4,0,90,19
4646,2055,47,Male,Daily,Horror,470,5,14,4,4,1,0,76,15
1863,2349,56,Female,Daily,Drama,74,4,5,3,2,2,1,14,8
3790,2106,48,Female,Monthly,Horror,276,2,18,3,1,4,0,89,10
4312,2830,35,Male,Daily,Drama,427,5,17,2,1,4,1,72,3
1563,2047,53,Male,Daily,Drama,132,2,5,3,2,1,0,68,3
2020,2572,19,Male,Daily,Comedy,342,1,12,1,3,1,0,28,5
1095,2336,31,Female,Daily,Action,424,2,0,3,1,2,1,71,16
2923,2025,30,Male,Daily,Drama,58,4,12,3,4,4,1,10,17
2757,2803,46,Female,Daily,Drama,344,3,6,3,3,2,0,57,6
3532,2256,29,Male,Weekly,Comedy,488,2,14,3,4,4,0,66,16
4478,2007,56,Male,Monthly,Drama,181,3,11,4,3,4,0,90,2
3278,2624,19,Male,Weekly,Action,457,1,0,3,2,4,0,50,15
3796,2866,49,Female,Daily,Comedy,405,5,14,1,4,1,1,14,18
2678,2252,30,Female,Daily,Action,338,5,3,1,4,4,1,16,1
4242,2691,63,Male,Monthly,Action,320,3,12,3,2,4,0,54,19
1540,2718,44,Male,Weekly,Comedy,63,5,4,2,4,4,1,43,12
2059,2302,58,Male,Monthly,Drama,326,2,1,4,3,3,0,42,8
3572,2638,34,Female,Weekly,Action,259,3,0,3,1,1,0,81,6
2183,2055,57,Male,Daily,Action,192,4,15,3,1,3,0,22,12
4910,2725,48,Female,Monthly,Action,142,2,5,3,2,1,1,68,7
2722,2525,51,Male,Monthly,Action,103,2,15,2,3,2,0,19,18
4314,2473,41,Male,Daily,Comedy,459,2,13,2,4,3,0,66,14
4157,2027,62,Male,Monthly,Comedy,405,4,2,2,4,2,0,39,8
2819,2982,52,Male,Weekly,Horror,213,1,14,4,1,4,0,73,14
3625,2077,23,Male,Weekly,Horror,241,5,2,1,4,2,1,19,5
3729,2215,36,Male,Weekly,Action,430,3,1,4,1,2,0,16,9
3604,2385,47,Female,Weekly,Drama,208,1,0,2,2,2,0,54,8
2597,2364,24,Male,Daily,Action,92,3,8,1,4,2,1,25,2
4060,2665,27,Female,Monthly,Drama,429,5,8,1,3,1,1,18,16
3693,2525,58,Male,Weekly,Action,141,4,6,2,4,3,1,23,13
1795,2698,49,Male,Daily,Horror,433,2,2,2,1,1,0,85,7
2051,2311,51,Female,Monthly,Horror,403,2,17,4,2,1,0,11,16
2643,2882,45,Male,Monthly,Drama,433,4,10,2,1,1,0,39,7
4627,2006,32,Female,Daily,Action,111,1,6,1,4,2,0,68,14
2363,2002,47,Female,Daily,Drama,416,1,8,3,1,1,1,25,14
4869,2622,54,Male,Weekly,Horror,374,3,0,2,1,3,0,63,12
2981,2918,46,Female,Monthly,Action,58,4,13,2,2,1,0,96,1
2354,2749,39,Female,Monthly,Action,42,1,19,4,3,4,0,30,1
2663,2362,21,Male,Daily,Drama,206,4,5,4,4,2,0,45,12
2529,2750,37,Female,Monthly,Comedy,267,5,6,2,2,4,1,90,15
3038,2507,49,Male,Weekly,Drama,295,2,9,1,3,3,0,61,4
4419,2273,53,Male,Monthly,Horror,117,2,6,1,1,3,0,51,7
2496,2505,21,Male,Daily,Horror,19,2,1,3,3,3,0,98,16
4302,2805,44,Male,Daily,Horror,221,4,3,2,1,3,0,9,3
3237,2738,34,Female,Weekly,Horror,165,4,16,4,1,1,0,76,7
4296,2882,29,Male,Weekly,Horror,130,3,0,1,2,2,1,2,6
2408,2014,39,Male,Monthly,Comedy,155,2,9,3,1,3,0,5,16
2400,2191,34,Female,Monthly,Action,183,3,18,2,2,4,1,62,8
2306,2984,27,Male,Daily,Drama,89,2,14,1,3,3,1,69,6
3680,2630,18,Male,Weekly,Drama,93,3,9,2,3,2,1,52,10
3675,2484,39,Female,Weekly,Horror,12,3,18,2,1,4,1,86,16
1972,2027,43,Female,Weekly,Drama,460,5,11,1,2,4,0,5,11
2768,2713,35,Female,Monthly,Horror,321,3,15,1,1,4,0,59,13
2282,2038,31,Female,Weekly,Comedy,292,4,8,1,2,1,0,68,6
4430,2952,64,Female,Daily,Comedy,432,3,14,2,2,3,1,9,1
1709,2272,46,Female,Daily,Action,229,2,16,2,2,1,1,93,19
2479,2230,29,Female,Monthly,Comedy,321,3,13,3,3,4,1,22,12
2434,2085,53,Male,Monthly,Comedy,291,1,17,4,2,1,0,27,6
1648,2473,52,Female,Weekly,Action,437,2,1,2,3,1,1,10,18
1317,2125,29,Female,Monthly,Drama,25,1,3,4,2,1,0,80,13
4748,2811,24,Female,Daily,Horror,74,2,17,1,3,3,0,61,7
4296,2536,46,Male,Weekly,Horror,455,4,6,2,4,4,0,51,13
4890,2144,28,Male,Daily,Drama,363,4,12,3,3,4,0,10,8
2257,2524,50,Female,Weekly,Action,423,4,14,3,3,3,0,6,17
1683,2211,23,Female,Monthly,Drama,298,1,0,4,1,1,0,62,9
1663,2024,64,Female,Weekly,Comedy,149,5,10,1,2,1,0,5,13
2998,2579,32,Male,Weekly,Action,147,2,9,4,4,2,1,70,2
4898,2393,49,Male,Daily,Action,7,4,4,1,1,2,1,63,4
4445,2066,28,Female,Daily,Action,28,2,15,3,2,2,1,56,2
4743,2232,40,Male,Weekly,Horror,295,1,10,4,4,3,0,59,4
2631,2108,43,Female,Monthly,Drama,473,5,5,3,4,4,1,63,18
2495,2145,51,Male,Monthly,Action,413,1,8,3,4,2,1,89,5
4304,2110,63,Male,Daily,Action,208,2,12,1,2,4,0,59,19
4763,2227,51,Female,Monthly,Action,127,5,7,4,4,4,0,51,10
2136,2110,46,Female,Daily,Drama,339,5,13,4,4,4,0,50,18
2853,2469,21,Female,Monthly,Horror,115,1,0,3,1,3,0,4,10
2520,2033,34,Female,Weekly,Comedy,438,4,16,3,3,3,1,48,5
3489,2622,52,Male,Daily,Horror,143,2,4,1,2,3,1,32,17
1563,2775,30,Male,Daily,Action,429,3,1,2,3,3,0,51,13
2291,2935,58,Male,Weekly,Horror,317,3,8,2,1,2,1,52,17
4581,2368,56,Female,Daily,Horror,234,1,3,3,3,1,1,99,9
4878,2747,32,Male,Monthly,Comedy,6,2,16,2,4,1,1,74,12
4457,2594,46,Female,Monthly,Drama,463,2,16,2,4,1,0,34,14
4458,2553,46,Male,Daily,Drama,44,1,17,2,2,2,1,36,14
4184,2424,28,Female,Monthly,Horror,442,2,15,2,2,1,0,70,8
2636,2612,49,Female,Daily,Horror,238,4,7,3,2,2,0,43,5
4696,2517,19,Male,Weekly,Drama,439,1,10,2,1,2,0,16,19
3999,2691,64,Female,Daily,Drama,431,4,17,2,2,2,0,59,14
4152,2281,31,Female,Weekly,Comedy,154,2,9,1,1,1,1,53,9
1698,2319,37,Male,Monthly,Action,180,1,12,3,4,4,0,19,7
3160,2737,39,Female,Weekly,Horror,214,2,16,4,3,1,0,98,8
1001,2442,28,Female,Monthly,Drama,87,1,17,4,4,1,0,89,14
1641,2951,44,Female,Daily,Horror,255,2,9,1,4,3,1,95,14
3267,2314,20,Male,Monthly,Horror,72,4,15,1,4,2,0,41,11
2589,2876,34,Male,Daily,Drama,418,4,19,3,2,4,1,81,14
1854,2965,61,Female,Daily,Comedy,178,2,4,4,2,3,0,47,8
2759,2740,45,Male,Weekly,Horror,211,1,12,2,2,4,0,94,3
4296,2376,46,Female,Weekly,Comedy,292,3,17,1,3,4,0,54,18
3432,2288,38,Female,Weekly,Drama,233,4,16,4,2,2,0,55,3
4474,2436,64,Female,Weekly,Action,464,4,8,3,1,1,0,95,13
2661,2661,33,Female,Monthly,Action,238,3,13,2,4,2,0,19,12
2153,2276,54,Female,Monthly,Horror,222,2,16,3,3,2,1,62,15
2076,2709,37,Male,Monthly,Drama,118,1,3,1,3,3,1,99,18
2707,2581,23,Female,Daily,Comedy,312,2,17,4,3,2,0,93,5
3777,2502,36,Male,Monthly,Horror,263,5,19,4,3,1,0,59,7
2695,2623,22,Male,Monthly,Drama,206,4,14,4,3,4,1,65,11
2733,2515,20,Female,Monthly,Drama,94,5,10,4,1,2,0,68,11
2439,2349,18,Female,Weekly,Comedy,372,4,11,2,4,4,0,28,15
3294,2842,55,Male,Monthly,Horror,221,4,8,2,3,2,1,18,10
1835,2445,32,Male,Daily,Drama,365,5,12,3,4,4,1,26,15
4510,2829,51,Male,Weekly,Drama,275,5,14,2,2,2,0,19,13
1202,2349,52,Female,Daily,Drama,379,2,14,1,3,3,0,55,14
4255,2606,42,Male,Monthly,Comedy,230,5,4,1,3,4,0,57,17
1122,2663,41,Female,Weekly,Horror,308,2,18,4,4,2,1,6,13
1400,2822,29,Female,Daily,Horror,118,2,19,1,3,2,0,1,10
1766,2136,35,Female,Monthly,Horror,267,2,13,3,3,3,0,8,1
1293,2758,32,Male,Daily,Horror,432,4,16,2,3,3,0,97,1
3327,2898,61,Female,Daily,Action,272,4,17,2,1,3,0,51,15
4908,2242,33,Female,Daily,Action,63,5,2,2,1,4,1,85,16
3931,2542,44,Female,Monthly,Horror,297,4,1,1,3,4,1,88,12
4681,2039,25,Female,Monthly,Comedy,349,5,0,2,1,3,1,25,6
1197,2228,63,Female,Daily,Action,412,4,9,4,2,1,0,47,6
4029,2547,42,Male,Weekly,Drama,402,1,18,4,3,1,0,55,12
2930,2919,34,Female,Weekly,Action,493,1,16,4,2,2,0,64,15
4582,2222,46,Female,Monthly,Drama,10,5,11,1,4,1,0,83,4
3799,2005,25,Male,Monthly,Horror,97,4,0,2,2,2,1,93,4
3191,2321,32,Female,Monthly,Action,433,4,11,1,4,4,0,10,2
1608,2467,44,Male,Monthly,Comedy,70,2,16,2,3,4,0,56,12
4272,2731,63,Female,Monthly,Action,363,3,2,3,4,1,0,12,7
2147,2074,24,Male,Weekly,Action,57,5,10,3,4,4,1,33,9
1186,2003,20,Male,Monthly,Action,289,3,16,1,2,3,0,71,9
4397,2846,46,Female,Daily,Horror,250,3,2,4,2,3,0,17,8
3511,2645,61,Female,Daily,Comedy,275,5,7,1,2,1,0,61,14
4420,2117,41,Female,Weekly,Action,49,4,19,4,3,1,1,10,1
2794,2880,20,Male,Daily,Comedy,357,5,3,2,3,2,0,31,12
1659,2605,37,Male,Weekly,Horror,215,3,6,4,2,4,1,60,2
3811,2503,63,Male,Weekly,Drama,393,4,13,4,3,2,1,70,13
4002,2997,32,Female,Daily,Action,415,1,13,2,3,2,0,17,4
2955,2946,42,Male,Monthly,Comedy,51,5,3,3,4,3,1,50,18
3450,2573,47,Male,Daily,Comedy,270,5,15,2,4,3,0,37,19
2369,2440,31,Female,Daily,Horror,484,4,0,1,2,3,1,82,16
2986,2193,24,Male,Weekly,Action,83,1,16,1,3,3,0,62,14
2534,2846,34,Male,Daily,Drama,386,1,9,1,4,2,0,90,8
1146,2714,61,Female,Weekly,Comedy,292,4,15,1,1,3,0,80,12
4219,2391,37,Male,Monthly,Action,125,2,15,1,3,4,0,72,9
3911,2025,53,Female,Monthly,Drama,295,5,7,3,1,3,1,88,6
2734,2434,26,Female,Monthly,Comedy,71,5,6,3,2,3,0,77,18
2843,2172,55,Female,Daily,Comedy,295,3,5,4,3,3,1,29,2
1488,2299,39,Female,Weekly,Drama,235,4,15,1,2,1,0,32,8
3976,2644,19,Female,Monthly,Drama,55,3,19,2,2,4,1,88,14
2959,2325,41,Male,Weekly,Horror,406,3,15,1,2,4,0,80,6
2663,2409,25,Male,Weekly,Action,359,1,6,3,2,2,0,11,10
3598,2117,28,Female,Monthly,Action,394,5,8,1,2,2,0,96,8
3385,2835,30,Female,Monthly,Horror,109,3,13,3,3,3,1,6,17
3919,2786,34,Male,Weekly,Comedy,191,1,10,4,1,1,0,35,12
1640,2723,25,Female,Monthly,Drama,391,4,13,4,3,2,0,33,17
2802,2224,38,Female,Weekly,Drama,92,3,6,4,3,2,0,18,13
3520,2531,35,Female,Weekly,Drama,349,5,0,3,3,3,1,37,19
2969,2112,47,Male,Monthly,Comedy,55,3,12,1,4,3,0,13,12
3198,2139,35,Male,Daily,Drama,59,4,19,1,4,2,0,74,16
2438,2558,63,Female,Monthly,Drama,137,3,2,2,3,2,0,90,5
4369,2000,64,Female,Daily,Horror,38,5,19,3,1,4,1,81,16
2634,2089,48,Male,Weekly,Comedy,27,1,3,2,3,1,1,64,6
1262,2653,55,Male,Weekly,Action,48,5,10,4,2,4,0,1,11
2787,2319,49,Female,Daily,Horror,419,1,1,1,4,2,0,63,17
3191,2549,28,Female,Weekly,Horror,124,2,13,3,4,4,0,89,14
3393,2804,62,Male,Daily,Action,12,5,11,2,3,4,0,34,6
1623,2893,42,Male,Daily,Horror,479,5,16,2,3,2,0,10,11
2016,2138,50,Male,Weekly,Comedy,35,4,11,2,1,3,1,84,12
4643,2510,55,Female,Daily,Drama,100,3,11,1,1,2,0,7,13
1880,2867,58,Male,Monthly,Comedy,281,1,0,1,2,3,1,56,4
3049,2844,25,Female,Monthly,Action,85,1,12,1,3,2,0,80,7
3944,2258,28,Male,Weekly,Action,3,4,13,3,3,2,1,37,2
2327,2672,39,Male,Weekly,Horror,222,4,1,1,3,2,0,29,6
3301,2901,41,Male,Daily,Comedy,337,3,11,3,4,1,0,12,6
4723,2689,58,Male,Daily,Comedy,447,3,15,2,2,3,0,17,18
1452,2009,34,Female,Daily,Action,165,5,3,2,1,1,0,48,8
4108,2260,29,Female,Daily,Comedy,382,2,7,4,4,2,0,84,8
2183,2918,63,Male,Monthly,Action,343,3,1,1,4,4,1,26,8
4062,2649,49,Female,Monthly,Comedy,382,4,9,2,4,1,1,83,8
3056,2171,32,Male,Weekly,Comedy,375,3,8,1,4,3,0,12,1
4304,2897,33,Male,Daily,Comedy,470,1,14,3,2,2,0,21,2
4170,2012,39,Male,Daily,Action,277,2,12,2,3,1,0,42,12
2682,2167,45,Male,Weekly,Horror,129,5,16,1,1,4,0,61,15
3863,2641,37,Female,Daily,Comedy,30,1,15,2,1,1,0,58,4
3255,2595,50,Male,Daily,Action,374,1,1,2,4,3,1,54,3
2154,2320,27,Male,Daily,Action,10,2,19,1,4,1,1,34,14
1403,2318,57,Female,Daily,Comedy,475,5,19,2,2,4,1,7,8
3199,2612,49,Male,Daily,Comedy,301,4,13,2,4,4,0,35,13
3101,2328,50,Male,Weekly,Horror,95,5,2,2,1,3,1,15,19
4191,2784,19,Male,Daily,Action,189,3,11,2,1,4,1,65,5
2696,2776,50,Female,Weekly,Action,452,1,7,3,3,2,0,90,13
4991,2970,50,Male,Daily,Drama,191,3,1,2,3,4,0,99,1
1627,2910,58,Female,Monthly,Action,485,4,3,4,1,2,1,25,16
1586,2919,30,Male,Monthly,Horror,265,3,13,2,1,1,0,59,2
2648,2549,47,Male,Monthly,Drama,423,5,15,1,2,2,0,79,7
2443,2418,50,Female,Monthly,Drama,127,3,18,4,2,2,0,86,6
2445,2605,30,Male,Weekly,Drama,237,4,1,3,1,1,0,6,5
1103,2094,43,Male,Weekly,Comedy,407,4,11,4,4,4,0,52,4
4923,2816,39,Female,Daily,Comedy,354,4,13,4,3,2,1,79,2
1253,2580,56,Female,Monthly,Action,427,5,5,4,1,4,1,88,10
4298,2317,19,Female,Weekly,Drama,111,4,12,1,4,1,1,21,5
4183,2955,55,Female,Daily,Horror,315,1,3,1,1,3,0,71,18
3557,2235,56,Female,Daily,Comedy,445,4,17,1,3,4,1,93,10
2496,2945,43,Male,Weekly,Horror,342,3,11,3,3,4,0,96,15
1098,2333,63,Female,Monthly,Horror,144,3,19,1,2,3,0,32,9
3200,2884,32,Male,Daily,Comedy,64,3,18,1,2,3,0,53,11
2884,2375,51,Male,Monthly,Comedy,246,5,7,4,2,1,0,59,17
3961,2458,59,Male,Monthly,Comedy,222,3,6,1,2,4,0,69,9
2919,2136,61,Female,Monthly,Comedy,478,5,15,2,3,4,0,62,16
1877,2929,57,Female,Daily,Drama,489,5,18,1,4,1,0,4,6
1337,2587,28,Male,Monthly,Drama,312,4,5,3,4,4,0,86,11
4777,2994,20,Female,Daily,Drama,438,1,19,3,4,2,1,18,17
3869,2546,23,Female,Monthly,Drama,105,4,10,2,1,2,0,99,4
4234,2512,26,Female,Daily,Action,180,4,4,3,2,2,1,81,15
4791,2295,23,Female,Monthly,Drama,183,5,15,3,2,4,0,56,1
1956,2319,26,Male,Weekly,Comedy,225,5,6,4,3,2,0,24,1
2704,2917,56,Male,Monthly,Horror,264,3,4,2,3,2,1,66,9
1160,2571,48,Female,Monthly,Drama,277,3,10,4,1,1,0,13,12
2603,2831,49,Male,Daily,Action,396,4,14,4,1,1,0,62,4
3848,2348,58,Female,Daily,Comedy,88,2,2,1,4,3,1,54,13
1397,2839,29,Female,Monthly,Horror,175,2,4,2,3,3,0,15,7
2300,2778,25,Male,Weekly,Horror,17,3,4,1,2,3,1,69,8
1815,2872,25,Male,Weekly,Drama,370,2,8,1,4,3,0,3,13
4987,2228,45,Male,Daily,Horror,459,3,14,4,2,1,0,37,11
2527,2269,37,Female,Weekly,Drama,423,5,2,3,4,1,0,37,9
2919,2827,64,Male,Monthly,Drama,400,4,5,2,2,1,0,3,16
2415,2797,24,Female,Daily,Comedy,398,1,16,3,1,2,1,63,10
2158,2290,28,Male,Monthly,Comedy,105,4,7,4,4,2,1,35,11
2218,2724,37,Male,Daily,Action,270,3,10,4,2,3,0,52,12
1400,2164,33,Female,Daily,Comedy,462,3,5,4,2,2,0,87,14
1639,2004,21,Female,Daily,Comedy,318,4,7,4,3,4,1,28,19
4104,2850,23,Female,Daily,Drama,166,3,9,4,4,1,0,94,12
3735,2378,39,Female,Weekly,Comedy,12,2,2,4,2,3,0,18,18
1459,2077,43,Female,Monthly,Drama,336,2,13,3,3,3,0,36,17
1954,2409,20,Female,Monthly,Drama,31,3,13,1,2,4,0,33,3
4954,2573,58,Female,Monthly,Comedy,392,3,9,3,4,2,1,64,1
1469,2131,59,Female,Daily,Action,39,2,11,2,1,3,1,26,19
4446,2600,31,Male,Weekly,Action,147,3,5,3,4,2,0,48,4
2045,2748,28,Female,Monthly,Horror,217,3,11,4,4,2,0,40,16
3797,2041,35,Female,Weekly,Horror,218,4,13,3,2,4,0,17,12
2693,2088,29,Male,Daily,Comedy,468,1,1,1,2,3,0,40,13
3085,2401,40,Female,Monthly,Action,81,2,8,2,4,2,0,7,17
3277,2295,29,Male,Weekly,Drama,332,4,9,3,3,2,1,57,8
4436,2839,30,Male,Daily,Horror,207,1,16,1,3,4,0,8,13
1562,2294,42,Female,Weekly,Drama,200,3,16,3,3,4,0,56,5
3485,2615,62,Male,Monthly,Horror,446,3,2,2,2,2,0,31,18
2799,2525,36,Female,Monthly,Comedy,331,4,18,3,2,4,0,59,15
4354,2799,63,Male,Daily,Action,427,3,0,4,4,2,0,58,12
3074,2690,53,Male,Daily,Horror,37,5,11,3,1,3,1,12,17
1225,2636,62,Male,Daily,Action,210,4,6,1,2,1,0,48,15
4348,2421,25,Female,Weekly,Drama,443,1,3,3,4,4,1,31,2
1797,2864,46,Female,Weekly,Comedy,326,4,9,1,4,1,0,83,6
4680,2022,49,Male,Weekly,Action,248,2,12,2,1,2,0,63,17
3331,2574,61,Male,Daily,Comedy,226,4,1,3,3,2,0,74,16
3926,2142,35,Female,Monthly,Action,47,3,9,2,4,2,0,39,17
1959,2992,23,Female,Monthly,Drama,17,3,3,2,4,1,0,76,9
2504,2664,35,Male,Weekly,Drama,399,5,17,3,4,2,0,20,5
1452,2144,36,Male,Weekly,Comedy,438,5,4,1,3,4,1,48,1
4067,2224,39,Female,Monthly,Drama,294,5,18,2,3,3,1,71,6
4900,2502,54,Female,Monthly,Horror,195,1,1,2,1,3,0,54,14
1815,2961,49,Female,Weekly,Action,186,5,11,3,2,4,0,78,17
1658,2973,58,Female,Weekly,Drama,344,1,16,3,3,3,0,75,19
4587,2820,20,Female,Monthly,Horror,223,5,9,3,2,1,0,71,1
1546,2615,45,Male,Daily,Comedy,317,1,1,3,2,2,0,29,1
2215,2103,27,Female,Weekly,Horror,487,4,5,3,3,2,1,74,13
4120,2946,52,Male,Monthly,Comedy,396,4,7,4,4,2,0,93,14
4583,2038,46,Female,Monthly,Comedy,364,3,18,3,1,1,0,73,6
1016,2946,32,Male,Monthly,Action,336,1,10,1,2,1,0,48,6
4243,2197,50,Female,Monthly,Action,496,2,11,2,4,1,0,74,1
2243,2645,24,Female,Daily,Horror,228,3,8,1,3,4,1,83,14
3205,2578,29,Male,Monthly,Action,389,4,1,1,2,1,0,56,3
3524,2390,47,Male,Weekly,Action,466,1,7,4,2,3,0,95,10
2069,2178,38,Female,Daily,Action,76,5,10,3,2,4,1,17,19
4444,2967,48,Female,Monthly,Horror,187,2,3,2,4,4,0,9,19
3565,2553,41,Female,Daily,Drama,345,4,9,1,4,4,1,97,19
3146,2447,37,Female,Weekly,Action,269,3,19,3,4,1,0,34,4
4963,2499,54,Female,Monthly,Action,94,1,15,3,2,4,0,45,19
2768,2014,21,Male,Weekly,Horror,309,2,7,4,2,1,1,88,10
2060,2622,45,Male,Monthly,Drama,131,1,3,4,1,1,0,9,2
3327,2668,61,Female,Monthly,Action,38,5,9,4,1,4,0,7,4
4420,2288,37,Male,Monthly,Comedy,71,3,11,2,4,2,0,16,6
3544,2477,41,Male,Monthly,Horror,280,1,13,1,4,2,0,19,7
1301,2230,49,Male,Monthly,Action,332,4,15,4,3,4,1,6,16
1180,2922,58,Female,Daily,Action,159,3,17,4,4,2,1,11,7
1606,2419,53,Male,Monthly,Comedy,186,4,11,4,1,3,1,76,18
4170,2156,51,Female,Monthly,Comedy,485,1,17,1,1,3,1,61,19
1699,2549,53,Male,Daily,Horror,190,3,6,1,1,1,0,42,9
1992,2440,19,Female,Daily,Horror,421,4,19,4,2,2,0,13,10
2139,2096,32,Male,Daily,Comedy,119,5,6,4,2,3,0,12,13
1190,2996,51,Female,Daily,Horror,219,5,8,3,4,4,0,85,18
3300,2410,53,Female,Daily,Comedy,52,1,0,4,3,2,0,74,16
1980,2950,23,Male,Daily,Action,221,3,5,2,3,3,1,20,17
3975,2288,56,Female,Monthly,Comedy,450,2,5,2,3,3,0,50,13
3006,2253,59,Female,Monthly,Comedy,411,3,11,4,2,4,0,36,12
2184,2195,29,Female,Weekly,Drama,130,5,11,1,1,1,0,92,10
4327,2597,20,Female,Monthly,Comedy,236,4,9,3,1,4,1,88,1
4394,2833,62,Female,Monthly,Comedy,245,2,5,1,2,1,1,69,8
1127,2521,35,Female,Daily,Drama,225,1,16,4,3,3,1,37,18
3065,2516,57,Female,Daily,Horror,207,2,18,2,3,1,0,12,2
2816,2634,38,Female,Monthly,Drama,405,1,17,3,4,3,1,99,16
2758,2841,32,Male,Weekly,Action,95,2,5,1,4,3,0,40,12
3613,2864,50,Male,Daily,Drama,421,1,18,1,3,2,1,54,9
1569,2117,52,Female,Monthly,Action,199,1,9,4,2,1,0,2,3
2346,2805,43,Female,Monthly,Horror,246,2,7,3,3,1,0,50,4
2895,2908,25,Male,Weekly,Drama,71,2,5,2,4,1,0,41,2
3733,2158,53,Male,Weekly,Drama,317,1,6,4,3,4,1,45,8
4863,2814,47,Male,Daily,Horror,184,5,0,3,2,2,0,9,10
1625,2227,40,Female,Weekly,Action,5,2,17,1,1,2,1,62,16
4359,2876,59,Male,Monthly,Drama,205,3,19,4,2,2,0,86,11
3901,2215,61,Female,Monthly,Action,31,4,11,1,2,4,0,47,18
2686,2947,31,Female,Weekly,Drama,98,1,15,1,4,1,0,5,14
4009,2695,31,Male,Weekly,Comedy,393,1,9,4,2,1,0,76,8
4710,2014,19,Female,Weekly,Drama,386,4,9,4,2,1,0,1,15
1154,2156,54,Female,Weekly,Horror,255,5,13,4,4,2,0,44,17
3537,2647,22,Female,Daily,Horror,186,4,19,4,4,2,1,22,18
2409,2260,55,Female,Weekly,Action,75,2,9,4,1,3,0,38,6
1784,2156,62,Male,Daily,Drama,176,4,9,1,3,4,1,19,14
4175,2046,58,Male,Monthly,Action,314,1,10,2,2,4,0,80,3
4464,2323,64,Female,Weekly,Action,286,4,1,2,4,2,1,31,7
4882,2843,31,Female,Daily,Comedy,348,3,19,4,1,3,0,67,15
1245,2684,56,Male,Weekly,Comedy,254,2,7,1,3,1,0,87,16
4247,2129,42,Female,Monthly,Horror,324,4,6,2,4,2,0,42,16
4110,2410,37,Male,Monthly,Action,189,1,7,2,3,4,0,82,8
2500,2094,19,Female,Monthly,Horror,307,2,0,2,3,4,1,26,7
2705,2626,56,Female,Weekly,Drama,344,1,1,1,2,4,0,13,6
3806,2754,23,Male,Weekly,Action,126,5,17,4,2,1,0,58,2
1537,2931,34,Male,Daily,Action,424,3,14,4,4,4,1,18,13
2890,2291,42,Male,Monthly,Drama,286,5,0,4,3,1,0,67,12
2841,2793,45,Male,Weekly,Drama,253,3,4,3,4,1,1,87,15
1920,2810,19,Female,Monthly,Horror,212,4,1,3,4,1,0,3,9
3455,2282,52,Male,Monthly,Horror,249,2,19,3,3,2,1,55,2
1524,2068,54,Female,Daily,Drama,83,4,2,1,4,1,0,89,17
3875,2659,22,Male,Daily,Horror,486,3,18,2,3,3,0,91,5
2529,2010,18,Male,Daily,Drama,382,3,17,2,3,4,0,58,11
3950,2253,57,Female,Daily,Action,405,3,17,1,3,2,1,63,19
4896,2841,29,Male,Monthly,Action,387,1,13,1,3,4,0,91,7
1035,2871,53,Male,Daily,Comedy,12,2,7,4,1,1,0,52,2
1684,2549,62,Male,Daily,Action,44,4,11,4,3,2,1,89,16
1019,2133,40,Male,Daily,Drama,126,4,9,3,2,3,1,24,12
3368,2711,64,Female,Daily,Horror,425,5,19,3,2,1,1,72,15
4847,2022,48,Female,Monthly,Comedy,113,3,16,1,2,4,1,9,1
3559,2814,28,Male,Daily,Horror,432,3,10,3,3,3,0,37,13
1399,2345,27,Male,Monthly,Drama,275,3,1,2,2,1,0,94,6
3701,2301,20,Male,Weekly,Action,499,4,3,1,1,3,1,83,13
1971,2362,31,Female,Monthly,Comedy,204,5,0,1,4,1,1,53,18
2906,2395,33,Female,Monthly,Drama,336,1,14,2,3,2,0,80,3
3518,2217,27,Female,Daily,Comedy,437,2,12,4,2,1,0,24,1
2166,2140,46,Female,Weekly,Comedy,419,1,7,4,1,2,1,21,15
2115,2615,27,Male,Weekly,Action,480,4,3,2,4,1,0,40,13
4425,2957,29,Male,Weekly,Drama,384,3,9,2,1,1,0,62,5
1833,2209,47,Male,Weekly,Horror,398,2,18,3,2,4,0,70,13
2823,2984,58,Female,Monthly,Comedy,460,4,17,1,1,3,0,69,5
3774,2992,18,Male,Weekly,Comedy,272,4,4,3,4,3,1,14,19
2982,2622,22,Female,Monthly,Horror,407,4,18,2,2,3,0,42,18
1853,2615,37,Female,Monthly,Drama,57,2,15,3,4,1,1,50,10
1050,2827,25,Male,Monthly,Comedy,327,2,0,2,1,1,0,61,8
4736,2682,60,Male,Weekly,Comedy,497,5,11,3,3,1,0,4,15
4769,2459,29,Male,Daily,Comedy,218,5,1,3,3,2,1,72,4
1574,2355,18,Female,Daily,Drama,108,1,7,4,3,2,0,88,2
4261,2323,37,Female,Weekly,Drama,278,2,17,2,3,4,0,75,6
2148,2132,45,Male,Daily,Horror,173,2,15,3,4,1,0,17,3
3197,2887,60,Male,Daily,Drama,327,2,4,1,3,3,0,85,7
3361,2804,54,Female,Monthly,Drama,263,5,12,3,4,3,0,57,10
3617,2839,64,Male,Monthly,Action,314,4,18,3,2,4,1,90,6
4413,2126,54,Female,Weekly,Horror,473,3,2,1,3,3,1,48,16
3352,2105,29,Female,Weekly,Comedy,110,5,7,2,4,4,1,44,2
2715,2603,54,Male,Daily,Drama,186,2,11,4,3,1,0,45,17
1681,2798,61,Male,Monthly,Comedy,268,5,1,4,3,3,0,91,13
1837,2377,45,Male,Weekly,Comedy,422,1,10,4,3,1,0,80,1
4854,2904,64,Male,Weekly,Action,228,2,11,1,4,2,0,90,6
2077,2050,32,Female,Weekly,Drama,496,1,17,3,1,3,0,33,5
4050,2028,23,Female,Weekly,Horror,155,2,12,2,3,2,0,31,13
3491,2461,61,Female,Weekly,Drama,472,5,4,3,3,3,1,47,18
3660,2295,37,Male,Weekly,Comedy,188,4,11,4,2,1,0,6,12
4040,2296,31,Female,Daily,Horror,271,3,1,3,1,4,0,72,7
3311,2725,19,Male,Monthly,Drama,374,1,4,1,4,1,1,71,15
4124,2778,26,Male,Monthly,Comedy,1,5,6,1,2,1,0,34,3
2595,2406,54,Male,Weekly,Comedy,245,4,11,2,3,1,1,53,16
4051,2768,37,Male,Monthly,Action,209,5,15,2,2,3,1,14,1
4691,2813,43,Male,Monthly,Action,400,1,7,4,2,4,1,16,16
1004,2612,46,Male,Monthly,Action,285,3,8,2,3,2,0,43,12
2126,2404,18,Female,Weekly,Comedy,358,5,14,3,1,1,1,73,19
2219,2345,52,Male,Weekly,Drama,12,2,4,1,1,3,0,74,8
1773,2621,23,Female,Monthly,Action,95,4,12,1,2,2,1,81,12
1876,2419,54,Female,Monthly,Drama,497,5,4,1,3,1,0,12,15
1991,2181,22,Male,Weekly,Action,220,4,10,2,4,2,0,70,2
3931,2982,50,Male,Daily,Horror,237,2,9,1,2,1,0,19,17
4421,2824,31,Male,Monthly,Horror,93,3,19,1,4,2,0,41,7
1046,2000,29,Female,Daily,Action,337,3,12,1,2,2,1,53,13
3914,2830,59,Male,Monthly,Comedy,268,2,8,4,2,4,1,29,1
3870,2949,37,Female,Daily,Action,170,4,13,4,3,4,1,70,6
3983,2566,41,Male,Daily,Action,468,5,17,2,3,1,0,59,13
4891,2370,60,Male,Daily,Comedy,93,2,14,1,4,3,1,89,11
3703,2935,51,Female,Weekly,Horror,148,1,9,2,4,4,0,64,10
1268,2910,42,Female,Daily,Drama,111,4,6,1,1,2,1,24,16
1369,2660,46,Male,Daily,Action,54,3,7,1,3,4,1,89,17
1635,2430,56,Female,Daily,Comedy,336,2,2,1,2,4,0,16,17
2129,2968,48,Female,Monthly,Action,423,3,14,2,2,1,1,52,4
2693,2308,64,Female,Daily,Comedy,466,4,15,2,1,4,0,80,5
2682,2136,60,Female,Monthly,Drama,115,3,3,1,3,4,0,6,14
1656,2201,40,Female,Daily,Drama,142,2,5,3,2,2,0,37,10
1119,2435,61,Male,Daily,Horror,200,4,0,2,1,4,0,85,14
1830,2312,55,Male,Weekly,Comedy,179,1,3,4,1,2,1,4,1
2810,2116,37,Female,Monthly,Comedy,201,2,10,2,2,4,0,98,11
4675,2665,40,Male,Daily,Horror,363,5,11,1,2,4,0,92,18
2081,2936,62,Male,Monthly,Horror,478,2,4,3,4,3,0,38,16
2974,2802,33,Female,Monthly,Comedy,52,4,15,1,3,4,1,41,18
2369,2574,59,Male,Weekly,Horror,470,2,12,4,4,2,1,92,8
1740,2243,25,Female,Weekly,Drama,383,1,12,2,1,2,1,81,10
4545,2536,38,Female,Weekly,Action,179,1,16,2,2,1,1,14,10
1116,2601,18,Male,Weekly,Drama,413,5,6,1,4,1,0,71,5
2853,2074,25,Female,Weekly,Horror,416,3,7,1,1,3,0,86,10
3838,2805,46,Female,Weekly,Comedy,312,4,12,4,3,2,0,51,18
2150,2385,49,Female,Weekly,Comedy,307,4,15,3,2,2,0,65,6
4464,2902,55,Female,Weekly,Drama,136,3,3,4,4,2,1,93,3
2931,2209,22,Female,Daily,Comedy,181,1,7,3,3,3,0,52,8
2012,2474,64,Male,Monthly,Horror,366,1,15,2,4,2,1,95,9
2664,2417,39,Male,Weekly,Drama,0,2,9,3,1,1,0,30,5
2081,2346,64,Female,Weekly,Comedy,43,5,11,3,3,3,0,57,2
1633,2528,51,Female,Monthly,Action,226,5,11,2,4,1,0,79,2
1512,2639,18,Male,Daily,Action,330,5,4,2,3,1,1,82,7
4822,2938,43,Female,Monthly,Horror,97,2,15,2,1,3,1,99,17
3849,2954,60,Male,Monthly,Comedy,207,5,0,4,3,4,1,30,10
2119,2875,27,Female,Weekly,Horror,264,3,8,2,4,4,0,98,12
4709,2762,47,Female,Monthly,Drama,287,2,11,1,1,1,1,42,2
2141,2178,35,Female,Monthly,Action,270,3,4,2,2,4,0,11,10
1559,2181,34,Female,Weekly,Drama,139,2,19,2,4,2,0,27,1
4672,2663,43,Female,Weekly,Comedy,480,5,2,2,4,3,1,24,4
1487,2024,25,Female,Weekly,Horror,236,3,4,3,1,1,0,99,13
4308,2966,64,Female,Weekly,Horror,461,3,1,4,1,2,1,39,12
4956,2179,57,Male,Monthly,Horror,440,3,13,2,2,4,0,72,11
1896,2709,29,Male,Monthly,Drama,391,2,1,4,4,2,0,18,10
4343,2500,44,Male,Daily,Action,71,4,12,1,1,4,1,77,15
2212,2855,25,Female,Daily,Drama,154,5,6,1,2,1,0,45,5
1703,2160,42,Female,Monthly,Drama,189,3,9,2,2,2,1,88,17
2470,2176,63,Female,Daily,Comedy,267,4,12,1,1,3,0,87,5
1580,2284,21,Female,Monthly,Comedy,320,5,15,4,4,1,1,12,2
3837,2062,50,Female,Daily,Comedy,106,5,13,3,3,2,0,49,9
3908,2661,18,Female,Weekly,Action,231,3,10,2,3,2,0,94,6
3294,2665,36,Female,Daily,Action,41,3,9,1,2,4,0,31,18
4147,2155,48,Male,Weekly,Comedy,189,2,5,4,3,1,0,92,14
1153,2881,33,Female,Weekly,Comedy,370,4,3,4,3,1,1,22,19
2679,2468,31,Male,Weekly,Action,138,4,0,1,1,1,0,44,14
4506,2048,22,Male,Weekly,Horror,102,3,6,4,2,1,0,92,8
1996,2966,58,Female,Daily,Action,170,5,8,4,4,4,0,64,17
4157,2848,43,Female,Monthly,Action,350,3,7,2,2,3,0,77,3
3744,2083,45,Male,Weekly,Action,272,5,4,4,1,1,1,25,10
4356,2360,19,Male,Daily,Comedy,480,5,18,1,3,4,1,51,17
2243,2688,23,Female,Weekly,Horror,415,3,9,2,4,3,0,7,11
2092,2147,26,Female,Daily,Action,220,1,10,1,2,3,1,6,8
4118,2629,50,Male,Daily,Comedy,212,4,14,3,3,4,0,24,1
2008,2341,58,Female,Daily,Drama,340,5,5,1,2,1,0,19,13
3141,2475,42,Female,Monthly,Drama,423,5,14,1,4,3,1,83,4
2773,2062,30,Female,Daily,Action,406,1,4,2,2,1,0,9,7
1957,2700,26,Male,Daily,Drama,55,2,18,4,2,1,1,36,14
4059,2359,30,Male,Monthly,Horror,389,1,18,1,2,2,1,40,5
1452,2560,48,Male,Monthly,Drama,341,1,9,2,3,1,0,93,11
2227,2326,58,Female,Daily,Drama,433,5,11,3,4,2,1,24,17
3959,2768,28,Female,Monthly,Horror,101,4,3,2,4,3,1,48,5
3265,2735,21,Male,Weekly,Action,420,1,17,2,3,4,0,63,3
3521,2140,51,Male,Weekly,Action,492,2,15,4,3,2,1,69,5
3479,2989,55,Male,Monthly,Horror,191,3,7,1,3,4,0,53,15
3388,2214,63,Female,Monthly,Horror,498,1,3,3,1,3,1,54,19
1550,2434,21,Male,Daily,Horror,309,1,11,2,2,1,1,42,16
2635,2890,55,Male,Monthly,Drama,199,2,1,1,2,3,0,45,8
2312,2951,36,Female,Daily,Horror,232,4,3,1,4,4,0,90,13
4325,2722,23,Female,Weekly,Comedy,432,1,4,2,2,3,1,14,16
2757,2317,51,Female,Monthly,Drama,226,1,2,1,1,1,0,29,3
1356,2031,35,Male,Daily,Action,370,4,8,2,3,3,0,6,1
3070,2669,30,Female,Daily,Action,138,2,17,2,4,1,0,7,9
2785,2284,58,Female,Weekly,Action,343,1,10,2,4,2,0,37,9
3569,2304,40,Male,Monthly,Drama,304,4,2,3,2,4,0,53,17
2781,2428,36,Female,Weekly,Comedy,148,1,1,2,4,1,0,18,2
4908,2476,62,Male,Daily,Horror,114,3,8,4,3,1,0,87,9
4171,2285,28,Male,Daily,Horror,449,5,13,1,4,3,1,38,19
3849,2143,18,Female,Monthly,Action,62,3,3,3,3,2,0,59,13
4251,2423,41,Female,Daily,Action,103,1,8,1,1,1,0,1,5
4294,2018,24,Female,Monthly,Drama,338,2,12,3,1,2,0,68,9
4977,2017,42,Female,Weekly,Comedy,358,5,17,4,3,2,0,44,13
3809,2768,38,Female,Monthly,Horror,155,3,14,3,2,3,0,47,1
4730,2589,32,Female,Monthly,Drama,272,4,9,3,4,1,0,35,15
3489,2370,18,Male,Daily,Horror,5,2,15,3,2,3,0,87,4
2631,2174,29,Male,Daily,Action,146,3,11,1,4,4,1,91,4
3816,2193,24,Female,Monthly,Horror,183,4,19,2,1,4,1,60,10
2015,2501,32,Male,Daily,Comedy,485,1,4,1,1,1,1,90,6
2348,2987,38,Female,Daily,Comedy,27,4,1,2,1,2,1,52,12
1515,2112,36,Male,Daily,Action,449,3,9,1,4,1,1,8,16
4087,2113,46,Male,Monthly,Comedy,37,3,0,4,1,1,0,80,3
3839,2221,42,Male,Daily,Comedy,118,1,6,4,1,4,1,41,14
1335,2677,50,Female,Monthly,Drama,292,4,16,3,1,4,0,3,1
2782,2946,49,Male,Daily,Horror,370,4,15,4,1,2,1,96,10
3305,2830,52,Female,Weekly,Action,243,1,2,3,2,2,1,69,15
1496,2643,61,Male,Daily,Action,67,4,13,2,1,1,0,84,7
1895,2896,55,Male,Daily,Action,213,1,9,4,1,3,0,14,4
3207,2263,43,Male,Monthly,Action,217,2,6,2,2,1,0,96,14
4546,2924,28,Male,Monthly,Action,176,3,16,1,2,2,1,26,16
1851,2054,52,Male,Daily,Comedy,298,2,5,2,4,3,1,70,14
2687,2870,25,Female,Weekly,Drama,163,5,3,1,3,4,1,58,3
2931,2642,63,Female,Daily,Action,57,5,16,2,1,2,0,40,17
3737,2799,31,Male,Daily,Drama,268,5,8,2,1,2,1,51,14
4746,2777,27,Male,Weekly,Drama,307,1,3,4,1,3,0,5,18
3427,2457,19,Male,Monthly,Comedy,57,4,6,2,4,2,1,77,3
2568,2978,63,Male,Daily,Action,287,2,1,4,1,2,0,32,19
1956,2877,26,Female,Monthly,Comedy,464,2,16,4,3,2,0,80,3
3738,2161,20,Male,Monthly,Action,104,2,7,3,2,2,0,1,12
4498,2379,38,Female,Weekly,Comedy,227,2,14,3,4,2,1,77,5
2636,2992,43,Male,Weekly,Drama,246,5,14,1,2,2,1,54,10
2291,2086,25,Female,Monthly,Action,187,2,7,2,1,2,0,11,9
4906,2054,19,Male,Daily,Horror,493,4,15,1,1,2,0,53,1
4648,2475,23,Male,Monthly,Drama,82,5,18,2,1,4,1,8,13
2440,2799,45,Female,Daily,Horror,185,2,10,3,3,2,0,25,3
2191,2177,46,Male,Daily,Drama,251,1,1,3,3,4,1,40,19
4913,2390,43,Male,Weekly,Comedy,354,3,16,2,4,4,0,32,11
2066,2348,42,Male,Daily,Action,237,3,15,2,2,1,0,88,16
4627,2007,29,Female,Daily,Drama,359,3,14,3,1,1,1,28,6
1284,2832,22,Male,Monthly,Comedy,183,5,12,3,1,4,1,78,3
3444,2312,51,Male,Weekly,Action,283,2,14,1,1,4,0,3,19
1011,2758,54,Female,Daily,Action,384,5,3,3,1,2,0,91,6
2630,2834,32,Female,Daily,Drama,425,4,15,2,3,1,1,84,8
4373,2983,61,Female,Weekly,Action,209,1,11,1,2,3,0,79,13
4969,2982,53,Male,Monthly,Drama,303,1,3,2,2,1,1,62,12
4324,2442,32,Male,Weekly,Action,295,3,2,4,4,4,0,27,10
3546,2766,60,Male,Weekly,Horror,96,3,16,1,3,4,0,45,3
1753,2327,40,Female,Daily,Comedy,446,3,17,2,1,2,1,92,4
3082,2053,23,Male,Daily,Horror,459,2,17,3,2,2,1,25,1
3774,2760,63,Male,Monthly,Drama,455,4,16,4,2,1,0,61,13
3896,2238,61,Female,Daily,Horror,471,4,11,2,3,2,1,44,4
1089,2228,60,Female,Daily,Drama,207,4,3,1,4,3,0,97,11
1775,2578,62,Female,Weekly,Action,369,4,11,2,4,3,0,46,19
3652,2050,38,Female,Daily,Action,387,3,19,4,1,2,1,14,11
4993,2608,40,Female,Monthly,Drama,421,1,14,1,4,3,1,8,12
4017,2603,60,Male,Weekly,Horror,491,3,15,4,2,3,1,48,11
2625,2263,33,Female,Monthly,Action,410,4,4,2,4,1,0,14,6
4069,2417,64,Male,Weekly,Comedy,136,3,14,3,1,3,0,65,12
1417,2802,32,Male,Daily,Action,366,4,16,3,2,4,0,80,9
1114,2095,42,Female,Weekly,Comedy,399,5,17,2,4,4,0,82,10
1616,2087,53,Female,Weekly,Horror,183,1,4,2,4,1,1,7,3
4974,2077,28,Female,Daily,Comedy,75,5,12,2,3,2,0,79,3
4267,2287,32,Male,Daily,Comedy,286,2,18,1,1,1,1,88,16
1825,2119,21,Female,Monthly,Comedy,471,3,12,4,4,2,0,49,3
4572,2813,38,Female,Monthly,Comedy,374,2,17,4,3,2,0,55,10
2649,2490,30,Female,Daily,Action,141,3,13,4,2,2,0,13,11
2516,2911,39,Female,Daily,Comedy,236,5,3,2,3,2,0,73,8
4146,2451,36,Female,Daily,Action,24,4,3,4,3,2,0,56,6
1412,2499,51,Male,Weekly,Comedy,289,4,19,2,4,1,1,56,11
4447,2164,31,Male,Weekly,Drama,66,3,19,1,4,2,0,15,12
4491,2181,21,Male,Weekly,Horror,249,4,18,3,4,3,1,57,16
1728,2468,63,Female,Daily,Comedy,407,5,12,2,3,3,0,58,18
4348,2909,44,Female,Monthly,Drama,117,4,11,2,2,2,1,35,13
4068,2734,46,Female,Daily,Comedy,489,5,6,3,1,3,0,88,3
3808,2822,64,Male,Weekly,Comedy,72,2,11,3,3,4,1,97,15
1675,2943,45,Female,Weekly,Comedy,281,5,3,1,4,1,0,16,14
4465,2977,52,Female,Daily,Drama,403,1,1,4,1,1,1,8,18
2892,2006,25,Female,Daily,Horror,447,1,1,2,2,2,1,93,14
3504,2329,33,Male,Weekly,Drama,359,1,4,4,1,2,0,87,5
3967,2774,59,Female,Weekly,Horror,9,3,9,2,4,4,0,45,14
3239,2672,53,Male,Weekly,Comedy,210,3,9,1,3,2,0,95,8
3786,2150,47,Female,Daily,Action,322,3,8,3,3,3,1,40,15
4760,2084,35,Male,Weekly,Comedy,151,5,12,1,4,4,0,54,15
2122,2146,19,Male,Weekly,Horror,4,3,6,3,3,3,0,14,19
2571,2623,30,Male,Monthly,Drama,194,2,4,4,4,1,0,59,6
1977,2380,21,Female,Daily,Comedy,441,1,9,4,3,3,0,94,19
2008,2914,43,Female,Monthly,Drama,282,5,9,1,3,1,1,53,8
3143,2547,42,Male,Monthly,Drama,463,1,5,3,3,3,0,27,6
2687,2284,47,Male,Weekly,Drama,112,3,18,1,2,1,1,47,15
3710,2699,28,Female,Daily,Comedy,270,5,7,3,2,2,1,80,3
4261,2081,24,Female,Weekly,Drama,162,4,0,3,4,3,0,6,10
4807,2513,48,Male,Daily,Drama,459,2,16,4,2,1,1,55,15
1036,2896,61,Female,Monthly,Comedy,104,3,6,4,4,3,0,97,16
4851,2814,27,Female,Daily,Drama,180,3,13,3,1,4,1,44,17
4440,2708,56,Female,Weekly,Comedy,43,2,16,3,1,2,0,18,19
4766,2915,30,Female,Weekly,Horror,281,2,8,3,2,1,1,16,11
2548,2522,48,Male,Weekly,Horror,174,4,16,4,1,4,0,12,16
3326,2745,24,Female,Daily,Horror,161,3,4,4,1,3,0,20,5
3264,2385,59,Female,Monthly,Drama,470,3,19,2,3,4,0,45,5
3914,2706,59,Male,Monthly,Action,350,1,7,3,3,3,0,64,14
1872,2470,53,Male,Daily,Action,433,5,5,2,4,2,1,59,18
2821,2118,37,Female,Weekly,Drama,339,5,10,3,1,4,0,93,8
2296,2395,21,Female,Monthly,Action,139,1,18,4,4,2,1,94,5
4952,2531,24,Female,Weekly,Comedy,470,5,3,2,4,1,0,90,7
3109,2260,18,Female,Daily,Action,131,2,17,2,1,3,1,22,16
1595,2804,61,Male,Weekly,Drama,86,5,0,1,2,3,0,97,14
2903,2933,62,Male,Monthly,Drama,175,5,12,3,1,2,0,47,5
1728,2255,59,Male,Monthly,Comedy,182,1,13,4,3,2,0,29,9
2365,2733,64,Female,Weekly,Horror,367,4,0,1,1,1,1,86,4
1396,2904,30,Female,Daily,Drama,128,5,10,1,2,4,0,45,4
1698,2225,39,Female,Weekly,Comedy,245,5,16,3,4,3,1,77,16
4090,2052,38,Female,Daily,Action,88,4,3,1,4,3,1,9,17
3224,2939,39,Male,Weekly,Action,65,1,11,3,3,1,0,24,15
2635,2866,45,Male,Monthly,Comedy,157,4,9,1,3,1,1,15,4
1395,2499,26,Female,Daily,Comedy,386,1,5,3,3,2,0,36,6
3492,2505,43,Male,Daily,Drama,377,2,0,4,4,2,0,13,16
4304,2853,26,Female,Daily,Action,148,1,6,3,3,4,1,91,4
4986,2363,32,Female,Monthly,Comedy,472,2,15,3,1,1,1,44,6
1075,2279,27,Male,Weekly,Action,339,2,13,2,4,4,1,71,5
1264,2592,41,Female,Monthly,Comedy,432,1,19,4,2,1,0,72,16
3502,2713,59,Female,Daily,Action,115,3,19,4,4,3,0,78,16
2819,2157,25,Male,Weekly,Horror,213,1,5,4,1,1,0,76,10
1717,2631,41,Female,Monthly,Drama,468,5,4,1,1,1,1,36,9
3782,2058,33,Female,Daily,Action,445,5,17,2,3,3,0,61,4
4455,2726,43,Male,Daily,Horror,480,3,14,4,4,1,1,81,14
4635,2127,44,Female,Monthly,Action,371,2,5,1,4,4,0,40,4
1850,2735,54,Male,Monthly,Action,293,3,18,1,4,2,0,93,12
4577,2720,21,Female,Monthly,Horror,252,5,0,1,2,2,0,27,10
2390,2881,41,Male,Daily,Action,142,3,0,2,3,4,0,1,4
1143,2114,36,Male,Monthly,Action,249,1,12,1,1,3,0,34,18
1884,2208,53,Male,Daily,Drama,365,3,2,2,1,1,1,68,13
4140,2525,56,Female,Monthly,Horror,435,2,9,3,3,4,1,88,13
4170,2520,27,Male,Daily,Horror,462,1,2,1,1,2,0,21,14
1395,2551,42,Male,Daily,Comedy,301,4,8,4,1,2,0,33,18
4096,2961,35,Male,Weekly,Action,24,5,7,1,3,4,0,7,1
3995,2236,36,Male,Monthly,Drama,276,5,2,3,1,2,1,65,16
3938,2280,53,Male,Monthly,Action,471,3,12,3,4,4,0,3,15
2492,2358,27,Female,Daily,Action,376,1,5,1,2,2,1,51,5
4555,2200,50,Female,Daily,Comedy,377,4,12,3,3,4,0,79,6
4636,2757,22,Female,Daily,Action,388,1,19,2,2,1,0,95,6
4222,2277,64,Female,Weekly,Drama,69,5,19,2,1,1,1,54,3
2167,2234,52,Female,Weekly,Drama,112,1,11,1,1,1,0,80,16
3616,2493,61,Female,Daily,Comedy,362,4,12,2,4,1,0,74,12
2062,2003,51,Female,Monthly,Action,111,3,1,2,3,2,0,93,4
3156,2665,50,Male,Monthly,Drama,363,2,15,4,1,3,0,59,1
4764,2441,38,Female,Weekly,Action,302,1,5,1,3,4,0,6,4
2065,2028,34,Male,Weekly,Action,470,2,18,3,3,3,1,29,1
2209,2108,39,Male,Daily,Action,451,5,12,1,3,2,1,17,8
3982,2609,54,Female,Monthly,Comedy,90,3,16,2,3,2,0,60,5
3445,2726,32,Male,Daily,Action,17,3,8,4,3,3,1,22,2
4294,2804,52,Male,Weekly,Drama,148,1,16,1,2,3,0,24,12
1633,2074,45,Male,Monthly,Action,475,3,1,1,4,2,0,81,17
2156,2837,24,Male,Monthly,Drama,226,1,18,2,3,2,0,85,7
4234,2145,49,Female,Weekly,Action,213,1,18,2,2,4,0,51,11
2238,2127,28,Female,Daily,Drama,359,2,6,1,1,1,0,50,4
1732,2852,27,Female,Daily,Drama,150,3,9,2,3,1,1,11,5
1234,2041,26,Female,Monthly,Action,191,1,9,2,1,4,0,56,6
4914,2355,31,Female,Weekly,Action,450,2,19,2,3,3,0,71,11
3705,2040,30,Female,Monthly,Drama,39,4,8,2,2,2,0,42,1
1750,2933,42,Female,Weekly,Horror,241,2,16,2,2,3,1,39,10
3635,2033,19,Female,Daily,Comedy,137,2,14,4,2,1,1,69,11
4080,2016,52,Female,Weekly,Horror,344,1,1,2,4,1,0,48,17
4145,2676,24,Female,Daily,Horror,179,5,3,3,1,3,0,57,8
1953,2152,38,Male,Weekly,Action,496,5,18,1,4,1,0,21,13
3539,2997,35,Female,Monthly,Comedy,199,5,16,4,3,2,0,82,18
3960,2377,20,Male,Daily,Horror,202,2,4,4,1,4,0,99,16
4324,2587,59,Male,Monthly,Action,60,1,6,2,2,3,0,20,2
4301,2598,56,Male,Monthly,Horror,191,3,17,1,1,2,0,15,5
2542,2628,58,Male,Daily,Horror,4,2,6,3,2,2,0,69,18
2197,2873,28,Female,Daily,Action,377,2,16,2,4,1,0,77,3
2676,2341,56,Male,Monthly,Action,236,1,6,1,4,2,1,51,17
2191,2980,41,Female,Monthly,Action,180,4,3,2,2,3,1,76,16
3217,2026,63,Female,Monthly,Comedy,310,2,7,2,2,2,0,62,6
2416,2824,36,Male,Monthly,Horror,36,4,12,2,3,4,0,85,19
3993,2286,21,Female,Daily,Action,55,4,3,2,4,2,0,37,7
3842,2645,43,Male,Daily,Drama,442,5,5,2,4,2,0,6,18
3681,2730,55,Male,Monthly,Horror,236,1,4,2,3,4,1,71,14
2217,2167,59,Female,Weekly,Drama,357,4,11,2,4,2,0,26,6
2540,2609,49,Female,Weekly,Comedy,348,1,3,3,2,2,1,8,8
3076,2267,56,Male,Daily,Action,196,5,8,4,1,1,1,73,15
4236,2748,62,Female,Monthly,Drama,72,1,3,3,1,3,0,91,15
2445,2820,63,Female,Monthly,Comedy,58,2,18,2,4,1,0,4,15
3386,2454,53,Female,Daily,Action,239,4,13,2,3,3,0,21,16
4719,2905,57,Male,Weekly,Drama,1,1,4,3,2,4,0,31,1
2519,2684,54,Male,Weekly,Drama,448,3,17,3,1,4,0,21,11
2388,2400,50,Female,Weekly,Comedy,359,1,9,4,2,4,0,25,5
2856,2921,53,Female,Daily,Action,187,4,18,3,4,3,1,15,5
2365,2980,20,Female,Weekly,Action,306,5,11,4,4,3,0,35,6
1499,2475,26,Female,Daily,Drama,29,5,17,2,1,3,0,49,2
2680,2701,25,Female,Daily,Drama,266,4,16,1,4,4,1,43,6
1510,2633,50,Male,Monthly,Drama,475,2,10,1,3,3,1,41,14
4398,2557,23,Female,Weekly,Action,107,2,2,1,4,2,0,37,11
1216,2575,58,Male,Daily,Comedy,331,5,16,1,4,1,1,57,4
2324,2129,56,Female,Weekly,Comedy,422,5,0,2,4,4,0,42,9
2155,2821,21,Male,Weekly,Action,89,4,14,1,2,1,0,47,3
2827,2362,30,Female,Monthly,Horror,204,2,8,3,2,2,0,92,16
4141,2704,19,Male,Weekly,Comedy,378,5,14,3,1,3,0,61,11
4323,2818,22,Female,Monthly,Drama,455,2,2,1,1,1,1,14,4
4486,2692,61,Male,Daily,Horror,446,5,18,3,1,2,1,68,1
2810,2291,44,Male,Weekly,Horror,447,1,12,4,4,2,1,53,16
3492,2370,49,Male,Daily,Comedy,444,3,11,2,2,1,0,84,19
3923,2793,38,Male,Weekly,Horror,380,1,19,1,3,4,0,34,16
2205,2028,25,Male,Daily,Horror,437,5,0,1,4,1,0,76,11
3214,2148,55,Male,Weekly,Comedy,219,3,16,2,4,4,0,97,8
1090,2778,25,Female,Weekly,Comedy,377,3,12,3,4,3,1,24,1
1713,2295,20,Male,Weekly,Horror,93,5,0,2,3,4,1,20,9
2881,2010,61,Female,Weekly,Drama,456,5,9,2,1,3,0,69,12
4602,2511,20,Female,Weekly,Action,102,2,14,3,3,1,0,30,8
1038,2675,39,Female,Weekly,Horror,222,5,6,2,1,3,0,88,17
4197,2112,23,Female,Weekly,Horror,185,4,17,3,3,2,0,7,10
4522,2186,19,Female,Weekly,Drama,468,5,15,3,2,3,0,36,7
1172,2806,40,Male,Weekly,Horror,183,4,13,2,4,4,0,38,19
1652,2743,61,Male,Daily,Horror,494,5,17,4,4,4,0,80,6
1753,2226,19,Male,Monthly,Action,161,2,6,3,4,4,0,52,19
2243,2309,55,Female,Weekly,Action,246,4,16,2,1,3,0,15,18
4709,2097,34,Male,Monthly,Action,30,1,17,3,3,4,0,46,15
2081,2054,52,Male,Weekly,Comedy,51,4,11,4,2,4,1,23,2
2683,2622,51,Male,Weekly,Comedy,344,2,7,4,3,2,0,12,14
3523,2663,40,Male,Daily,Action,75,4,1,1,4,3,1,93,10
1455,2757,47,Male,Daily,Action,384,5,6,3,2,2,0,44,16
1828,2405,25,Female,Monthly,Comedy,438,5,3,3,2,4,0,15,7
1894,2068,39,Male,Daily,Drama,277,2,17,2,4,4,0,93,8
2384,2311,61,Female,Daily,Horror,39,3,5,3,3,4,0,49,10
2958,2288,53,Female,Monthly,Horror,100,5,8,1,4,3,1,21,15
4072,2761,22,Female,Daily,Action,110,1,8,4,3,1,0,15,8
3434,2547,30,Female,Weekly,Drama,384,2,13,4,2,4,1,14,13
2996,2750,46,Female,Monthly,Comedy,320,4,7,1,2,4,1,42,12
3395,2147,48,Male,Monthly,Action,248,4,18,3,4,4,0,80,8
1189,2466,64,Male,Weekly,Drama,190,1,2,3,2,4,0,15,15
1504,2738,33,Male,Daily,Drama,489,5,17,1,1,3,1,63,12
2214,2243,59,Female,Monthly,Drama,181,2,4,2,2,1,0,68,11
2531,2490,47,Male,Monthly,Comedy,425,1,13,4,1,1,1,27,19
4440,2848,33,Male,Weekly,Comedy,404,5,3,1,2,1,0,87,14
4480,2957,29,Female,Weekly,Horror,334,2,6,1,4,4,0,93,18
1823,2506,34,Female,Daily,Horror,208,4,19,3,4,4,0,53,13
1928,2364,33,Female,Monthly,Drama,21,2,11,4,1,1,0,52,4
1933,2481,29,Female,Daily,Drama,165,3,1,3,4,1,1,63,17
2140,2200,25,Male,Daily,Comedy,98,2,10,1,2,4,0,73,19
1133,2153,37,Female,Weekly,Horror,492,3,13,2,2,4,1,53,9
3105,2449,20,Female,Monthly,Drama,207,2,15,4,4,2,0,57,7
4627,2500,33,Male,Monthly,Horror,7,3,19,1,2,2,0,52,1
1684,2072,47,Male,Monthly,Horror,189,4,5,1,3,2,0,43,7
3719,2712,62,Female,Weekly,Drama,174,5,3,2,3,1,0,7,7
3220,2295,40,Male,Weekly,Comedy,272,3,14,1,2,3,0,42,7
2852,2016,45,Female,Weekly,Drama,16,3,0,1,4,4,0,4,8
1814,2640,57,Female,Weekly,Drama,89,4,6,4,1,2,1,69,16
2172,2216,22,Male,Weekly,Horror,140,3,11,4,4,3,0,5,3
1079,2060,37,Male,Monthly,Drama,144,1,9,4,1,4,0,75,13
3933,2938,57,Female,Daily,Comedy,165,4,4,3,4,3,1,92,10
4284,2615,61,Female,Monthly,Drama,336,1,11,2,2,1,1,80,18
1202,2041,18,Female,Daily,Comedy,495,4,17,4,3,1,0,41,7
3811,2024,47,Male,Weekly,Comedy,77,3,9,3,4,1,0,94,5
2252,2038,38,Female,Daily,Horror,428,1,5,3,1,2,1,4,7
2699,2802,37,Female,Monthly,Action,261,3,11,2,3,4,0,2,17
2250,2130,23,Female,Monthly,Action,162,4,6,2,1,1,0,67,4
2682,2497,39,Female,Daily,Horror,365,3,17,1,2,2,0,21,16
2555,2228,35,Female,Weekly,Drama,13,1,1,3,3,2,1,70,19
4512,2107,25,Male,Weekly,Horror,238,1,9,4,1,2,0,43,10
4473,2171,56,Female,Monthly,Comedy,71,3,14,2,4,2,1,82,3
3094,2434,49,Female,Daily,Action,444,2,11,3,2,1,0,69,3
2256,2477,50,Female,Weekly,Horror,142,4,16,4,2,2,1,9,17
4376,2101,33,Female,Weekly,Drama,309,4,3,3,2,1,0,84,10
2549,2865,29,Male,Monthly,Horror,282,3,6,2,4,1,0,28,17
2166,2523,55,Male,Weekly,Action,268,2,8,1,4,2,1,26,17
4486,2274,51,Male,Daily,Horror,240,1,18,3,3,1,0,82,4
4584,2612,31,Female,Monthly,Horror,414,5,6,4,4,4,0,83,6
2396,2043,53,Female,Monthly,Action,244,5,1,2,3,4,0,3,12
4637,2954,50,Male,Daily,Comedy,162,3,5,1,2,3,0,73,17
4957,2816,40,Male,Monthly,Comedy,59,2,17,4,3,4,0,95,17
4330,2956,62,Male,Weekly,Action,5,2,5,4,1,1,1,49,10
3703,2016,19,Female,Weekly,Horror,196,4,12,4,2,1,0,17,7
1470,2329,58,Female,Daily,Action,469,1,18,3,2,4,0,63,16
4018,2568,38,Male,Weekly,Comedy,57,2,1,2,3,2,0,55,13
2035,2822,19,Male,Daily,Drama,304,5,11,4,2,2,1,23,3
2353,2496,44,Male,Daily,Horror,406,1,14,3,4,1,1,34,2
3783,2814,26,Female,Weekly,Comedy,216,1,13,2,1,2,0,69,16
3831,2011,18,Female,Daily,Horror,417,3,5,2,3,3,0,15,6
1967,2317,28,Female,Weekly,Action,25,2,17,3,3,3,1,47,6
1357,2591,20,Male,Monthly,Drama,302,3,4,3,2,4,0,3,13
4019,2215,40,Male,Monthly,Action,4,2,17,4,4,4,1,83,7
4479,2338,43,Female,Daily,Drama,473,4,2,2,2,2,1,28,5
1667,2775,21,Male,Weekly,Horror,19,3,2,1,2,1,1,3,7
1372,2990,35,Female,Weekly,Horror,389,3,9,3,3,4,0,4,2
2031,2660,23,Male,Monthly,Action,197,5,18,2,2,3,1,88,17
2145,2080,52,Male,Monthly,Drama,58,3,2,2,1,4,1,31,13
2371,2726,39,Male,Weekly,Drama,447,2,11,4,2,4,0,45,16
3723,2484,60,Male,Daily,Horror,241,5,15,1,2,3,0,59,2
1089,2373,32,Female,Monthly,Action,145,3,16,4,3,1,0,45,5
4719,2975,39,Male,Daily,Drama,387,3,6,1,2,4,0,75,18
3745,2709,54,Female,Daily,Horror,272,4,12,1,4,4,0,37,7
4387,2199,59,Female,Monthly,Comedy,248,3,1,3,3,4,0,65,11
4249,2536,29,Female,Daily,Action,13,1,3,2,2,2,0,9,11
1539,2465,64,Male,Daily,Comedy,461,5,9,2,1,4,0,17,17
3779,2088,59,Female,Weekly,Action,12,1,6,2,1,3,0,65,16
1868,2267,55,Female,Daily,Horror,390,5,16,1,3,1,1,3,13
1040,2654,35,Female,Weekly,Drama,383,4,19,2,3,1,1,26,5
1739,2570,62,Male,Monthly,Drama,43,3,5,3,2,3,0,53,16
4775,2921,52,Male,Monthly,Drama,374,3,18,1,4,2,0,31,16
2946,2488,47,Female,Weekly,Action,398,3,4,1,2,3,0,26,16
3549,2876,41,Male,Monthly,Horror,18,5,9,1,1,1,1,23,14
4006,2537,59,Female,Daily,Comedy,62,3,8,1,4,3,1,30,6
4216,2046,47,Female,Daily,Horror,490,1,12,3,4,2,1,10,2
2224,2287,31,Male,Daily,Comedy,238,3,18,2,4,1,0,72,14
1928,2777,23,Female,Monthly,Action,491,4,5,3,2,2,1,89,16
3036,2015,20,Male,Daily,Action,418,1,3,2,1,3,0,64,13
4795,2710,33,Male,Monthly,Comedy,336,3,2,3,3,4,1,22,15
3508,2400,24,Female,Daily,Comedy,418,3,2,4,2,3,0,15,12
3779,2918,31,Male,Weekly,Comedy,402,2,3,4,3,2,1,56,9
3799,2793,26,Male,Monthly,Horror,403,5,4,4,4,3,0,74,18
1924,2980,32,Female,Monthly,Comedy,99,1,7,4,4,4,1,20,14
3956,2085,38,Female,Daily,Action,162,2,15,1,2,2,1,47,4
2581,2249,52,Male,Monthly,Action,415,4,2,1,1,3,0,87,8
4618,2390,19,Male,Monthly,Drama,121,5,11,3,4,2,0,53,8
4324,2781,44,Female,Weekly,Comedy,431,1,7,3,3,2,1,53,16
1389,2334,19,Male,Weekly,Horror,43,3,12,4,3,1,0,1,10
2617,2628,52,Male,Daily,Horror,359,1,3,2,2,1,0,2,17
3930,2518,35,Male,Weekly,Horror,407,3,13,4,3,2,0,58,1
1255,2136,31,Male,Daily,Drama,316,5,13,3,1,3,0,19,18
1708,2882,37,Male,Daily,Action,380,3,12,4,4,3,0,62,10
2838,2687,35,Male,Daily,Horror,144,4,5,3,3,3,0,78,4
2944,2839,27,Male,Monthly,Action,326,3,16,4,3,4,0,72,1
3497,2497,42,Female,Weekly,Drama,362,4,3,2,4,2,0,12,4
1009,2826,19,Female,Daily,Comedy,49,5,7,4,2,2,1,26,4
3871,2726,42,Female,Weekly,Comedy,64,5,16,2,3,4,1,27,4
1797,2476,50,Female,Daily,Comedy,354,1,2,2,2,2,1,29,17
4313,2593,53,Female,Weekly,Horror,287,4,16,3,2,2,0,15,9
